<?xml version="1.0" encoding="UTF-8"?>
<kcfg xmlns="http://www.kde.org/standards/kcfg/1.0"
      xmlns:xsi="http://www.w3.org/2001/XMLSchema-instance"
      xsi:schemaLocation="http://www.kde.org/standards/kcfg/1.0
      http://www.kde.org/standards/kcfg/1.0/kcfg.xsd" >
    <kcfgfile name=""/>

    <group name="General">
        <entry name="checkInterval" type="Int">
	    <label>Check interval in seconds</label>
            <default>5</default>
        </entry>
	<entry name="onlyIfOn" type="Bool">
	    <label>Show card info only if the card is already on</label>
            <default>false</default>
        </entry>
    </group>
</kcfg>
